{
  "recipes" : {
    "Dirt" : {
      "ingredients" : [ "Stone", "Stone" ]
    },
    "Grass" : {
      "ingredients" : [ "Dirt", "Stone" ]
    },
    "Iron Ingot" : {
      "ingredients" : [ "Iron Ore", "Iron Ore" ]
    },
    "Glass" : {
      "ingredients" : [ "Sand", "Sand", "Sand" ]
    },
    "Wooden Plank" : {
      "ingredients" : [ "Wood", "Wood", "Wood", "Wood" ]
    },
    "Torch" : {
      "ingredients" : [ "Stick", "Coal" ]
    },
    "SandStone" : {
      "ingredients" : [ "Sand", "Stone" ]
    },
    "LightWoodBoard" : {
      "ingredients" : [ "Wood", "Wood" ]
    }
  }
}